SAMPLE_ID,PFS_MONTHS,APC,TP53,KRAS,PIK3CA,SMAD4,DCC,POLE,POLD1,NTRK2,BRAF,NRAS,PTEN
TCGA-5M-AAT6-01,7.199921097,1,0,1,0,0,1,1,1,0,0,0,0
TCGA-5M-AATE-01,26.62984515,1,1,1,1,0,0,0,0,1,0,0,0
TCGA-A6-2671-01,17.58884834,1,1,0,0,0,0,0,0,0,0,0,0
TCGA-A6-2674-01,24.16411875,1,1,1,1,0,0,0,0,0,0,0,0
TCGA-A6-2681-01,37.80780485,1,1,1,0,0,0,0,0,0,0,0,0
TCGA-A6-2683-01,9.862905612,0,0,0,1,0,0,0,0,0,0,0,0
TCGA-A6-2684-01,32.08731959,1,1,1,1,0,0,0,0,0,0,0,0
TCGA-A6-2685-01,31.16678173,0,1,1,0,0,0,0,0,0,0,0,0
TCGA-A6-4105-01,11.96699214,1,1,1,1,0,0,0,1,0,0,0,0
TCGA-A6-5664-01,6.016372423,1,0,1,0,1,0,0,0,0,0,0,0
TCGA-A6-5665-01,17.39159023,0,0,0,0,0,0,1,1,1,1,0,0
TCGA-A6-5666-01,16.73406319,1,0,1,1,0,0,0,0,0,0,0,0
TCGA-A6-6142-01,21.50113423,1,1,0,0,0,0,0,0,0,0,0,0
TCGA-A6-6648-01,22.5531775,1,0,0,0,0,0,0,0,0,0,0,0
TCGA-A6-A565-01,9.895781964,0,0,0,0,1,0,0,0,0,0,0,0
TCGA-A6-A566-01,8.449222474,1,0,1,1,0,0,0,0,0,0,0,0
TCGA-A6-A567-01,20.12032745,1,1,1,0,0,0,0,0,0,0,0,0
TCGA-A6-A56B-01,55.16651872,1,1,0,0,0,0,0,0,0,0,0,0
TCGA-AD-6888-01,11.27658875,1,1,0,0,0,0,0,0,0,0,0,0
TCGA-AD-6901-01,15.38613276,1,1,1,0,0,1,0,0,0,0,0,0
TCGA-AD-6965-01,21.30387612,1,1,1,1,0,0,0,0,0,0,0,0
TCGA-AY-4070-01,6.115001479,0,1,0,0,0,0,0,0,0,0,0,0
TCGA-AY-A54L-01,13.01903541,1,1,1,0,0,0,0,0,0,0,0,0
TCGA-AZ-4614-01,5.654732551,0,1,0,0,1,0,0,0,1,1,0,0
TCGA-AZ-4682-01,22.35591939,1,0,0,0,0,0,0,0,0,0,0,0
TCGA-CA-6718-01,6.805404872,1,1,1,1,1,1,1,0,0,1,0,1
TCGA-CA-6719-01,11.63822862,0,1,0,0,0,0,0,0,0,0,0,0
TCGA-CM-5862-01,1.019166913,0,1,0,0,0,0,0,0,0,0,0,0
TCGA-CM-6675-01,11.07933064,0,1,0,0,0,0,0,0,0,0,0,0
TCGA-CM-6678-01,0.0,1,0,1,1,0,0,1,0,0,0,0,0
TCGA-D5-5537-01,23.73672617,1,0,1,0,0,0,0,0,0,0,0,0
TCGA-D5-5538-01,33.1064865,1,1,1,0,1,0,0,0,0,0,0,0
TCGA-D5-6529-01,12.69027189,0,0,1,1,0,0,0,0,0,0,0,0
TCGA-D5-6536-01,16.20804156,1,0,1,0,0,0,0,0,0,0,0,0
TCGA-D5-6537-01,4.043791301,1,0,1,1,0,0,0,0,0,0,0,0
TCGA-F4-6461-01,9.468389388,1,0,1,1,0,0,0,0,0,0,0,0
TCGA-F4-6806-01,11.04645429,1,0,1,0,0,0,1,0,0,0,0,0
TCGA-F4-6809-01,13.24916987,1,1,0,1,0,0,0,0,0,0,1,0
TCGA-G4-6294-01,16.99707401,1,1,1,0,0,0,0,0,0,0,0,0
TCGA-G4-6297-01,14.43271855,1,1,1,1,0,0,0,0,0,0,0,0
TCGA-G4-6298-01,9.567018444,1,1,0,0,0,0,0,0,0,0,1,0
TCGA-G4-6303-01,28.66817898,1,1,0,0,0,0,0,0,0,0,0,0
TCGA-G4-6304-01,28.2407864,1,0,1,1,1,1,0,0,0,0,0,1
TCGA-G4-6309-01,71.53894204,1,0,0,0,1,0,0,1,0,0,0,1
TCGA-G4-6317-01,19.46280041,1,1,0,0,0,0,0,0,0,0,0,0
TCGA-G4-6322-01,25.93944176,1,0,0,0,1,0,0,0,0,0,0,0
TCGA-NH-A50U-01,9.073873163,1,1,1,0,0,0,1,0,0,0,0,0
TCGA-NH-A6GA-01,0.197258112,1,1,1,0,0,0,0,0,0,0,0,0
TCGA-RU-A8FL-01,8.416346122,1,1,0,0,0,0,0,0,0,0,0,0
TCGA-SS-A7HO-01,16.63543413,1,1,1,0,0,0,0,0,0,0,0,0
TCGA-T9-A92H-01,2.662984515,0,1,0,1,0,1,0,0,0,0,0,0
TCGA-AF-2687-01,41.65433804,0,1,0,0,0,0,0,0,0,0,0,0
TCGA-AF-3911-01,22.84906467,1,1,0,0,0,0,0,0,0,0,0,0
TCGA-AF-6136-01,6.542394056,0,1,0,0,1,0,0,0,0,0,1,0
TCGA-AF-6672-01,9.172502219,0,1,1,0,1,1,0,0,0,0,0,0
TCGA-AF-A56K-01,40.01052043,1,1,0,0,0,0,0,0,0,0,0,0
TCGA-AH-6643-01,33.73113719,1,1,0,0,0,0,0,0,0,0,0,0
TCGA-EI-6509-01,2.958871684,1,1,0,0,0,0,0,0,0,0,0,0
TCGA-EI-6885-01,9.698523852,1,1,0,0,0,0,0,0,0,0,0,0
TCGA-F5-6571-01,4.010914949,1,1,1,0,0,0,0,0,0,0,0,0
TCGA-F5-6702-01,12.09849755,1,1,1,0,0,0,0,0,0,0,0,0
